feature_id,novelty,plddt,e_value,top_hit,sequence
28184,KNOWN,0,8.5e-14,gi|3135912377|dbj|AP029190.1| [Clostridium] nexile,NGGCATTGAACACATACTTACCGTTTGCGTCTCGAATACGGTTGCCCTCCTCGTCCAGCA
28184,KNOWN,0,8.85e-14,gi|3135912377|dbj|AP029190.1| [Clostridium] nexile,NGGCATTGAACACATACTTACCGTTTGCGTCTCGAATACGGTTGCCCTCCTCGTCCAGCAC
31860,KNOWN,0,8.5e-14,gi|3135912377|dbj|AP029190.1| [Clostridium] nexile,NGGCATTGAACACATACTTACCGTTTGCGTCTCGAATACGGTTGCCCTCCTCGTCCAGCA
31860,KNOWN,0,8.85e-14,gi|3135912377|dbj|AP029190.1| [Clostridium] nexile,NGGCATTGAACACATACTTACCGTTTGCGTCTCGAATACGGTTGCCCTCCTCGTCCAGCAC
24716,KNOWN,0,9.08e-20,gi|2916523787|gb|CP181423.1| Phocaeicola vulgatus ,NCGATAATAGGATAACTCTTTCTCCCAGCATACTTTTGGAACGTACGCATGCCCGTGTTG
24716,KNOWN,0,1.34e-41,gi|2916523787|gb|CP181423.1| Phocaeicola vulgatus ,NCGATAATAGGATAACTCTTTCTCCCAGCATACTTTTGGAACGTACGCATGCCCGTGTTGAGTTTATCTTTACAACGGTTGATGACGGGGGAAACTATCTG
1071,KNOWN,0,1.34e-10,gi|2031942126|emb|OD958056.1| Naegleria fowleri Ka,GCTAAGACTGTGCCACTGCACTCCAGTATTGGGGAAAGAGTGAGATCCAGTCGAAAT
1071,KNOWN,0,1.34e-10,gi|2031942126|emb|OD958056.1| Naegleria fowleri Ka,GCTAAGACTGTGCCACTGCACTCCAGTATTGGGGAAAGAGTGAGATCCAGTCGAAAT
24016,KNOWN,0,5.16e-06,gi|18642378|emb|AL591645.35| Human DNA sequence fr,TTCACATAAAATCTACACAGAAGCATTCTGAG
24016,KNOWN,0,3.34e-13,gi|1880404673|gb|AC280223.1| Pan troglodytes chrom,ATTGTGAGGCCTACTCTTAAAATCAAATATTTTCACATAAAATCTACACAGAAGCATTCTGAG
1324,KNOWN,0,1.35e-17,gi|8468932|gb|AC004824.3| Homo sapiens PAC clone R,GTTTTAAGTAGATGGTCTCACCATGTTTCCCAGGCTGGTCTTGAATTCCTAGGCTCAAGT
1324,KNOWN,0,1.35e-17,gi|8468932|gb|AC004824.3| Homo sapiens PAC clone R,GTTTTAAGTAGATGGTCTCACCATGTTTCCCAGGCTGGTCTTGAATTCCTAGGCTCAAGT
14046,KNOWN,0,3.61e-12,gi|13121457|emb|AL449344.5| Human DNA sequence fro,ATTTTAATCACATTGACAAAATACCTTCACAGTAACACTTAGACTCGTCCCCAGGTTATT
14046,KNOWN,0,6.78e-12,gi|13121457|emb|AL449344.5| Human DNA sequence fro,ATTTTAATCACATTGACAAAATACCTTCACAGTAACACTTAGACTCGTCCCCAGGTTATTCAATCAAACACTAGTCTAAGTG
28275,KNOWN,0,5.12e-11,gi|2299469380|gb|CP102286.1| Parabacteroides merda,ATGGGAAGAGGTGGATCCCCAACGCTATAACCACCTTAATAC
28275,KNOWN,0,4.08e-34,gi|2299469380|gb|CP102286.1| Parabacteroides merda,ACGCAGTACCATCGACGTGGTTGGGCTTAACTTCTCTGTTCGGAATGGGAAGAGGTGGATCCCCAACGCTATAACCACCTTAATAC
8835,KNOWN,0,6.98e-15,gi|83921780|gb|AC139099.2| Homo sapiens chromosome,TGGTTAAGAGTGAGTCATGAAGTCCAGCATGAGCTCCAACTCCTACAGGATGCTCCTTCC
8835,KNOWN,0,2.46e-24,gi|83921780|gb|AC139099.2| Homo sapiens chromosome,AGTGACTTCCTCTCCATGTCCTGCTGGTTAAGAGTGAGTCATGAAGTCCAGCATGAGCTCCAACTCCTACAGGATGCTCCTTCCTGT
16509,KNOWN,0,2.6e-20,gi|2021584390|gb|CP072503.1| Bifidobacterium denti,TCCGCTTCGACGGCTTCCTCCGTCGTGTCCTGCGCATGGTCGAGCTGGAGGTCGATGTTC
16509,KNOWN,0,2.97e-36,gi|2021584390|gb|CP072503.1| Bifidobacterium denti,GTCCTGGATTATTCCGCTTCGACGGCTTCCTCCGTCGTGTCCTGCGCATGGTCGAGCTGGAGGTCGATGTTCGGGCAATCCTTCCACAGT
5244,KNOWN,0,3.61e-12,gi|2695837339|ref|XM_054469366.2| PREDICTED: Pongo,GCTCACACCTGTAATACCAACACTTCTTTTTTTTTGAGACAGAGTCTCGCTCTGTCGCCC
5244,KNOWN,0,7.47e-25,gi|7768713|dbj|AP001708.1| Homo sapiens genomic DN,GCTCACACCTGTAATACCAACACTTCTTTTTTTTTGAGACAGAGTCTCGCTCTGTCGCCCAGGCTGGAGTGCGGTGGCACCATCTTGGCT
21123,KNOWN,0,1.8e-05,gi|2904984879|gb|PQ394675.2| Aquirufa avitistagni ,CTTTGAGTTTCACCGTTGCCGGCGTACTCCC
21123,KNOWN,0,3.8299999999999995e-42,gi|1408199362|gb|MH515753.1| Uncultured Bacteroide,GGGTAAGGTTCCTCGCGTATCATCGAATTAAACCACATGTTCCTCCGCTTGTGCGGGCCCCCGTCAATTCCTTTGAGTTTCACCGTTGCCGGCGTACTCCC
13408,KNOWN,0,1.57e-10,gi|256096049|emb|FP565171.2| Human DNA sequence fr,ATCCCAGTGAGTTATTTCATGGATACTGACAAACTGATTTT
13408,KNOWN,0,3.8299999999999995e-42,gi|256096049|emb|FP565171.2| Human DNA sequence fr,ATTGTCAAGATGTCAGTTCTCCCTGACTTCCTCTATAGATTCAATGCACTCCCAATCAAAATCCCAGTGAGTTATTTCATGGATACTGACAAACTGATTTT
22601,NOVEL,0,10.0,No Hits Found,CACCTACTGCACACACACCATGTGCACATGCATACACCCCATACAGACACCACACACTGC
22601,NOVEL,0,10.0,No Hits Found,CACCTACTGCACACACACCATGTGCACATGCATACACCCCATACAGACACCACACACTGCACACACACCACACATAGACACTACACACAC
27870,KNOWN,0,6.98e-15,gi|2032946404|gb|CP072243.1| Bacteroides salyersia,GTCAGTTCACGCACACCGTCAGCCGTCTCCGCGAGGGTATTCGTCGCCAGTTCGCCGATG
27870,KNOWN,0,1.5e-34,gi|2032946404|gb|CP072243.1| Bacteroides salyersia,GTCAGTTCACGCACACCGTCAGCCGTCTCCGCGAGGGTATTCGTCGCCAGTTCGCCGATGACCGCATCGCTCACGATGCGCACCACGCTTTTGTCGGTGG
23593,KNOWN,0,2.6e-20,gi|169791965|gb|AC212783.3| Homo sapiens FOSMID cl,AGCTCAGCATATATACCCCATGACTCAGCAATCTGTCAGGATATTTATTTTGTTTCAGAA
23593,KNOWN,0,3.8299999999999995e-42,gi|169791965|gb|AC212783.3| Homo sapiens FOSMID cl,AGTATAAACTGATACAATTACTTTGGAGAACACATTAAAGCTCAGCATATATACCCCATGACTCAGCAATCTGTCAGGATATTTATTTTGTTTCAGAAGAA
338,KNOWN,0,2.6e-20,gi|272993010|gb|GU268538.1| Homo sapiens contig fr,AAACTGAGAGCTGGGCAGGTTAATCCACTTTCCCAAGGCTGCGCCACAGAGAGAGGCAGC
338,KNOWN,0,3.8299999999999995e-42,gi|272993010|gb|GU268538.1| Homo sapiens contig fr,CACTTGGGTGTTTTGCAGAAGTGGAAACTGAGAGCTGGGCAGGTTAATCCACTTTCCCAAGGCTGCGCCACAGAGAGAGGCAGCGGGGCTTCAGCCTCAGG
