feature_id,novelty,plddt,blast_identity,top_hit,sequence
28184,🧬 KNOWN,0,93.10344827586206,gi|3135912377|dbj|AP029190.1| [Clostridium] nexile,NGGCATTGAACACATACTTACCGTTTGCGTCTCGAATACGGTTGCCCTCCTCGTCCAGCA
28184,🧬 KNOWN,0,93.10344827586206,gi|3135912377|dbj|AP029190.1| [Clostridium] nexile,NGGCATTGAACACATACTTACCGTTTGCGTCTCGAATACGGTTGCCCTCCTCGTCCAGCAC
31860,🧬 KNOWN,0,93.10344827586206,gi|3135912377|dbj|AP029190.1| [Clostridium] nexile,NGGCATTGAACACATACTTACCGTTTGCGTCTCGAATACGGTTGCCCTCCTCGTCCAGCA
31860,🧬 KNOWN,0,93.10344827586206,gi|3135912377|dbj|AP029190.1| [Clostridium] nexile,NGGCATTGAACACATACTTACCGTTTGCGTCTCGAATACGGTTGCCCTCCTCGTCCAGCAC
24716,🧬 KNOWN,0,100.0,gi|2916523787|gb|CP181423.1| Phocaeicola vulgatus ,NCGATAATAGGATAACTCTTTCTCCCAGCATACTTTTGGAACGTACGCATGCCCGTGTTG
24716,🧬 KNOWN,0,100.0,gi|2916523787|gb|CP181423.1| Phocaeicola vulgatus ,NCGATAATAGGATAACTCTTTCTCCCAGCATACTTTTGGAACGTACGCATGCCCGTGTTGAGTTTATCTTTACAACGGTTGATGACGGGGGAAACTATCTG
1071,🧬 KNOWN,0,89.47368421052632,gi|2031942126|emb|OD958056.1| Naegleria fowleri Ka,GCTAAGACTGTGCCACTGCACTCCAGTATTGGGGAAAGAGTGAGATCCAGTCGAAAT
1071,🧬 KNOWN,0,89.47368421052632,gi|2031942126|emb|OD958056.1| Naegleria fowleri Ka,GCTAAGACTGTGCCACTGCACTCCAGTATTGGGGAAAGAGTGAGATCCAGTCGAAAT
24016,🧬 KNOWN,0,100.0,gi|18642378|emb|AL591645.35| Human DNA sequence fr,TTCACATAAAATCTACACAGAAGCATTCTGAG
24016,🧬 KNOWN,0,90.625,gi|1880404673|gb|AC280223.1| Pan troglodytes chrom,ATTGTGAGGCCTACTCTTAAAATCAAATATTTTCACATAAAATCTACACAGAAGCATTCTGAG
1324,🧬 KNOWN,0,96.66666666666667,gi|8468932|gb|AC004824.3| Homo sapiens PAC clone R,GTTTTAAGTAGATGGTCTCACCATGTTTCCCAGGCTGGTCTTGAATTCCTAGGCTCAAGT
1324,🧬 KNOWN,0,96.66666666666667,gi|8468932|gb|AC004824.3| Homo sapiens PAC clone R,GTTTTAAGTAGATGGTCTCACCATGTTTCCCAGGCTGGTCTTGAATTCCTAGGCTCAAGT
14046,🧬 KNOWN,0,97.91666666666666,gi|13121457|emb|AL449344.5| Human DNA sequence fro,ATTTTAATCACATTGACAAAATACCTTCACAGTAACACTTAGACTCGTCCCCAGGTTATT
14046,🧬 KNOWN,0,97.91666666666666,gi|13121457|emb|AL449344.5| Human DNA sequence fro,ATTTTAATCACATTGACAAAATACCTTCACAGTAACACTTAGACTCGTCCCCAGGTTATTCAATCAAACACTAGTCTAAGTG
28275,🧬 KNOWN,0,100.0,gi|2299469380|gb|CP102286.1| Parabacteroides merda,ATGGGAAGAGGTGGATCCCCAACGCTATAACCACCTTAATAC
28275,🧬 KNOWN,0,100.0,gi|2299469380|gb|CP102286.1| Parabacteroides merda,ACGCAGTACCATCGACGTGGTTGGGCTTAACTTCTCTGTTCGGAATGGGAAGAGGTGGATCCCCAACGCTATAACCACCTTAATAC
8835,🧬 KNOWN,0,100.0,gi|83921780|gb|AC139099.2| Homo sapiens chromosome,TGGTTAAGAGTGAGTCATGAAGTCCAGCATGAGCTCCAACTCCTACAGGATGCTCCTTCC
8835,🧬 KNOWN,0,100.0,gi|83921780|gb|AC139099.2| Homo sapiens chromosome,AGTGACTTCCTCTCCATGTCCTGCTGGTTAAGAGTGAGTCATGAAGTCCAGCATGAGCTCCAACTCCTACAGGATGCTCCTTCCTGT
16509,🧬 KNOWN,0,100.0,gi|2021584390|gb|CP072503.1| Bifidobacterium denti,TCCGCTTCGACGGCTTCCTCCGTCGTGTCCTGCGCATGGTCGAGCTGGAGGTCGATGTTC
16509,🧬 KNOWN,0,100.0,gi|2021584390|gb|CP072503.1| Bifidobacterium denti,GTCCTGGATTATTCCGCTTCGACGGCTTCCTCCGTCGTGTCCTGCGCATGGTCGAGCTGGAGGTCGATGTTCGGGCAATCCTTCCACAGT
